id,t0,t1,t2,t3,t4,t5,t6
AT2G25490,5.84128463957,5.13807038059,5.58626734909,6.11669952225,5.99442660699,6.04533811993,6.24858922966
