id,t0,t1,t2,t3,t4,t5,t6
AT3G15210,5.34246348378,4.729007057,4.73314280215,4.80533889353,4.82494940885,4.71111674618,4.65968485023
