id,t0,t1,t2,t3,t4,t5,t6
AT1G25560,5.2957940312,5.55825538702,6.10147149288,6.79031808389,6.90960911584,6.7879069114,6.87909838994
AT1G68840,3.88772996295,4.17378039044,4.65027438837,4.81712010236,4.64464657011,4.68642021959,4.79585178118
AT4G16750,2.30650529363,2.08981449664,1.65914821615,1.29852146808,1.33519738691,1.40700823994,1.23576789989
AT5G13910,3.12733062316,3.23853721914,3.81650755132,4.0916688081,4.39236780172,4.35902210054,4.44418555814
